category,examiner_question,ideal_student_answer
Research Overview,"Can you briefly explain the main aim of your project?","The main aim of my project is to address a specific problem in the field by proposing and evaluating a solution that improves current practices or understanding."
Research Overview,"Why did you choose this research topic?","I chose this topic because it addresses a relevant problem in my field and aligns with my academic interests and future career goals."
Research Overview,"What is the key contribution of your work?","The key contribution of my work is providing an implemented solution and evaluation that demonstrates the feasibility and impact of the proposed approach."
Literature Review,"How does your work relate to existing research?","My work builds upon previous studies by extending their approaches and addressing limitations identified in the literature."
Literature Review,"What gap in the literature does your project address?","The gap addressed by my project is the lack of practical evaluation and comparison of existing approaches in real-world scenarios."
Literature Review,"Which source influenced your research the most and why?","One key source influenced my work because it provided a strong theoretical foundation and highlighted limitations that my project aims to overcome."
Methodology,"Why did you choose this methodology?","I chose this methodology because it is well-suited to the research objectives and allows for systematic evaluation of the proposed solution."
Methodology,"Were there any alternative methods you considered?","Yes, I considered alternative methods, but they were less suitable due to constraints such as time, data availability, or complexity."
Methodology,"How did you ensure the validity of your results?","I ensured validity by using consistent procedures, testing under controlled conditions, and comparing results against established benchmarks."
Results and Analysis,"Can you summarize your main findings?","The main findings show that the proposed solution performs better in key aspects compared to baseline approaches."
Results and Analysis,"Were there any unexpected results?","Yes, some results differed from initial expectations, which helped highlight limitations and areas for further investigation."
Results and Analysis,"How do your results answer the research questions?","The results directly address the research questions by demonstrating whether the proposed approach meets the stated objectives."
Discussion,"What are the main strengths of your project?","The main strengths are the clear problem definition, structured methodology, and practical evaluation of results."
Discussion,"What are the limitations of your work?","The main limitations include limited data size and scope, which may affect the generalizability of the results."
Discussion,"How could this work be improved?","The work could be improved by using a larger dataset, refining the methodology, and conducting longer-term evaluations."
Critical Thinking,"If you were to start again, what would you do differently?","If starting again, I would allocate more time to data collection and early testing to improve the final outcomes."
Critical Thinking,"How would your approach scale to a larger system?","The approach could scale by optimizing performance, using more efficient algorithms, and deploying on stronger infrastructure."
Ethics,"Were there any ethical considerations in your project?","Yes, ethical considerations included data privacy, informed consent, and responsible use of technology."
Ethics,"How did you ensure academic integrity?","I ensured academic integrity by properly citing sources and ensuring the work presented is original."
AI and Technology,"Why did you use AI in your project?","AI was used because it enables automation and improved performance in tasks that would be difficult to handle manually."
AI and Technology,"What are the limitations of the AI model you used?","The limitations include dependency on data quality, potential bias, and limited generalization beyond the training data."
Conclusion,"What is the practical impact of your project?","The practical impact is providing a solution that can be adapted or extended for real-world applications."
Conclusion,"What future work would you recommend?","Future work includes expanding the dataset, improving the model, and testing in different contexts."
